name,address,taxId
บริษัท มิกซ์ ซีสเต็มส์ จำกัด,1 ซอยอินทามระ 41 แขวงรัชดาภิเษก เขตดินแดง กรุงเทพมหานคร 10400 ประเทศไทย,0105549093102
ห้างหุ้นส่วนจำกัด ณัฐชาการ์เด้น,1/103 หมู่ 7 หมู่บ้านหรรษนันท์ 9 ตำบลวัดจันทร์ อำเภอเมืองพิษณุโลก จังหวัดพิษณุโลก 65000,0653556000633
บริษัท ลีดเวย์ เฮฟวี่ แมชชินเนอร์รี่ จำกัด (สำนักงานใหญ่),1/2 หมู่ที่ 2 ถนนบางนา-ตราด กม.41 ตำบลบางวัว  อำเภอบางประกง จังหวัดฉะเชิงเทรา 24130,0505550004157
บริษัท ลัคกี้ ยูเนี่ยน ฟู๊ดส์ จำกัด (สำนักงานใหญ่),1/74-75 หมู่ที่ 2 ถนนพระราม 2 ตำบลท่าทราย อำเภอเมือง จังหวัดสมุทรสาคร 74000,0105533075568
บริษัท เค เซอรา จำกัด (สำนักงานใหญ่),10 ถนนกรุงเทพกรีฑา แขวงทับช้าง เขตสะพานสูง กรุงเทพมหานคร 10250,0105536085548
นายพิเชษฐ์  เส็งชัยเจริญคณา,10 หมู่ 5 ตำบลโคกใหญ่ อำเภอโนนสัง จังหวัดหนองบัวลำภู,3361100269624
บรืษัทเทรด คอนเนคชั่น จำกัด (สำนักงานใหญ่),"100,102,104 ซอยเจริญนคร 45 ถนนเจริญนคร แขวงบางลำภูล่าง เขตคลองสาน กรุงเทพมหานคร 106600",0105543062663
บริษัท เคซีโบ อินเทลลิเจนท์ อีควิปเมนท์ (ประเทศไทย) จำกัด,100/2 ตำบลเชียงราก อำเภอบางประอิน จังหวัดพระนครศรีอยุธยา 13180,0145566003159
บริษัท กอเงิน คอลเลคชั่น จำกัด,101 ซอยรามคำแหง 34 แขวงหัวหมาก เขตบางกะปิ กรุงเทพมหานคร 10240,0105550043067
บริษัทลิวกง ยนต์ตระการ จำกัด,102 หมู่ 1 ตำบลคุ้งลาน อำเภอบางปะอิน จังหวัดพระนครศรีอยุธยา 13160,0145565003546
บริษัท เอส แอนด์ ซันส์ เทรดดิ้ง จำกัด (สำนักงานใหญ่),1024 อาคารศูนย์การค้าสพรีม คอมเพล็กซ์ ห้องเลขที่ แอล-1101 ชั้น11 ถนนสามเสน แขวงถนนนครไชยศรี เขตดุสิต กรุงเทพมหานคร 10300,0105525030798
บจก.เบสท์ มาสเตอร์ เอ็นจิเนียริ่ง,105/228 หมู่บ้านเศรณีลากูล หมู่ที่ 8 ตำบลบางรักพัฒนา อำเภอบางบัวทอง จังหวัดนนทบุรี 11110,0125565021111
บริษัท ซีเอ็มซีอี 74 จำกัด (สำนักงานใหญ่),106/4 ชั้น 3 หมู่ที่ 1 ตำบลสำเภาล่ม อำเภอพระนครศรีอยุธยา จังหวัดพระนครศรีอยุธยา 13000,0145567001788
บริษัท ตระการกิจอินเตอร์เทค จำกัด(สำนักงานใหญ่),106/45 หมู่ 4 ตำบลบึง อำเภอศรีราชา จังหวัดชลบุรี 20230,0105545047378
บริษัท ตระการกิจอินเตอร์เทค จำกัด(สำนักงานใหญ่),106/45 หมู่ 4 ตำบลบึง อำเภอศรีราชา จังหวัดชลบุรี 20230,0205553006609
บริษัท พืชดีการเกษตร 2519 จำกัด,108 หมู่ 1 ตำบลหนองโก อำเภอกระนวน จังหวัดขอนแก่น 40170,0405562000870
บริษัท จั๊มอัป เมดิคอล จำกัด (สำนักงานใหญ่),109/12 เซนโทร ราชพฤกษ์ - สวนผัก หมู่ที่ 9 ถนนบางกรวย-จงถนอม ตำบลวัดชลอ อำเภอบางกรวย จังหวัดนนทบุรี 11120,0125564006738
บริษัท เกรทเทสท์ เพ็ทแคร์ จำกัด สาขาที่ 00001,11 หมู่ 1 ตำบลสามบัณฑิต อำเภออุทัย จังหวัดพระนครศรีอยุธยา 13210,0105558007388
บริษัท สยามชัย เซอร์วิส จำกัด,"11,9 ซอย รังสิต-ปทุมธานี 3 ตำบลประชาธิปัตย์ อำเภอธัญบุรี  จังหวัดปทุมธานี 12130",0135540003301
บริษัท พี.เอฟ.พี เทรดดิ้ง จำกัด(สำนักงานใหญ่),11/12-14 ถนนรัชดาภิเษก แขวงช่องนนทรี เขตยานนาวา กรุงเทพมหานคร 10120,0105543023471
ห้างหุ้นส่วนจำกัด พี.พี.เอส คอลเลคชั่น,11/23 หมู่ 5 ตำบลบ้านคลอง อำเภอเมืองพิษณุโลก จังหวัดพิษณุโลก 65000,0653557000235
บริษัท เอเอ็มพีที จำกัด (สำนักงานใหญ่),11/3 หมู่ 2 ตำบลมาบไผ่ อำเภอบ้านบึง จังหวัดชลบุรี 20170,0205563028290
บริษัท ไทยกรีนอะโกร จำกัด,111/66 ถนนพหลโยธิน แขวงอนุสาวรีย์ เขตบางเขน กรุงเทพมหานค10220,0105552136691
บริษัท นายฮั่งอินเตอร์ฟู๊ดส์ จำกัด,111/68 หมู่บ้านเพชรลดา ซอยท่าอิฐ ถนนรัตนาธิเบศร์ ตำบลบางรักน้อย อำเภอเมืองนนทบุรี จังหวัดนนทบบุรี 11000,0105544121221
บริษัท ยูโรเทค นิวทรีชั่น (ไทยแลนด์) จำกัด (สาขา 1),111/94-95 ถนนรัชดา - รามอินทรา แขวงคันนายาว เขตคันนายาว  กรุงเทพมหานคร 10230,0105541037271
บริษัท โคลท์ เทคนิคัล จำกัด,112/2 หมู่ 1 ตำบลบ้านฉาง อำเภอบ้านฉาง จังหวัดระยอง 21130,0125559019606
ห้างหุ้นส่วนจำกัด นะโม เฮงดัง ปังดี มีชัย,112/40 หมู่ 3 ตำบลหัวรอ อำเภอเมืองพิษณุโลก จังหวัดพิษณุโลก 65000,0653562000051
บริษัท มาร์เก็ต ซับพอร์ท จำกัด,1126/2 อาคารวานิช 2  ชั้น 11 ห้อง 1103-1105  ถนนเพชรบุรีตัดใหม่ แขวงมักกะสัน เขตราชเทวี กรุงเทพมหานคร 10400 ( สำนักงานใหญ่),0105535041083
บริษัท เดโม เพาเวอร์ (ประเทศไทย) จำกัด สำนักงานใหญ่,1126/2 อาคารวานิช2 ชั้น 33 ถนนเพชรบุรีตัดใหม่ แขวงมักกะสัน เขตราชเทวี กรุงเทพมหานคร 10400,0105539121600
บริษัท พีทีเอ็น เพาเวอร์ ซัพพลาย จำกัด (สำนักงานใหญ่),115/160 หมู่ 4 ตำบลท่าวังตาล อำเภอสารภี จังหวัดเชียงใหม่ 50140,0515555000036
บริษัท สยามทุน อินเตอร์ จำกัด (สำนักงานใหญ่),116/6 หมู่ 7 ตำบลพิมลราช อำเภอบางบัวทอง จังหวัดนนทบุรี 11110,0125552004425
บริษัท รุ่งโรจน์ แคปปิตอล จำกัด,117/4 หมู่ 10 ตำบลนครสวรรค์ตก อำเภอเมืองนครสวรรค์ จังหวัดนครสวรรค์ 60000,0605559000323
บริษัท กันกูลเอ็นจิเนียริ่ง จำกัด (มหาชน)(สำนักงานใหญ่),1177 อาคารเพิร์ล แบงก์ค็อก ชั้นที่ 8 ถนนพหลโยธิน แขวงพญาไท เขตพญาไท กรุงเทพมหานคร 10400,0107552000146
บริษัท เวิร์ล เซอร์วิส พลัส จำกัด (สำนักงานใหญ่),118/170 ถนนมิตรไมตรี แขวงคู้ฝั่งเหนือ เขตหนองจอก กรุงเทพมหานคร 10530,0105560171645
บริษัท เอ็กซา ซีแลม จำกัด (สาขานครสวรรค์),119/43 ม.4 ตำบลนครสวรรค์ตก อำเภอเมือง จังหวัดนครสวรรค์ 60000,0105538031038
บริษัท เอ็กซา ซีแลม จำกัด (สาขานครสรรค์),119/45 ม.4 ต.นครสวรรด์ตก อ.มือง จ.นครสวรรค์ 66060,0105538031038
บริษัท เอสไอ ไฟร์เทรด จำกัด (สำนักงานใหญ่),1198/5 ถนนพระราม 9 แขวงพัฒนาการ เขตสวนหลวง กรุงเทพมหานคร 10250,0105550050187
บริษัท เอฟจีอีซี จำกัด (สำนักงานใหญ่),12 ซอยประชาชื่น - นนทบุรี 4 แยก 2 ถนนประชาชื่น  ตำบลบางเขน อำเภอเมือง จังหวัดนนทบุรี  11000,0105555036638
บจก.ไทยเบสท์ โพลทรี ,121/68 ซอยรามอินทรา 103/2 แขวงคันนายาว  เขตคันนายาว  กรุงเทพมหานคร 10230,0105554013634
บริษัท บลูฟาโล่ เพ็ทแคร์ จำกัด,123 หมู่ 19 ตำบลสระสี่มุม อำเภอกำแพงแสน จังหวัดนครปฐม 73140,0735563001745
บริษัท บลูฟาโล่ เพ็ทแคร์ จำกัด (สำนักงานใหญ่),123 หมู่ที่ 19 ตำบลสระสี่มุม อำเภอกำแพงแสน จังหวัดนครปฐม 73240,0735563001745
บริษัท ธนาคารไทยเครดิต  เพื่อรายย่อย จำกัด (มหาชน) สำนักงานใหญ่,123 อาคารไทยประกันชีวิต ถนนรัชดาภิเษก แขวงดินแดง เขตดินแดง กรุงเทพมหานคร 10400,0107548000552
บริษัท ทีแอนด์ที  จำกัด,1260 ซอยบางนา-ตราด 27 แขวงบางนาเหนือ เขตบางนา กรุงเทพมหานคร 10250,0115560010676
บริษัท สหฟาร์ม จำกัด,128 ถนนนวมิทร์ แขวงรามอินทรา เขตคันนายาว กรุงเทพมหานคร 10230,0105520015324
บริษัท สหฟาร์ม จำกัด,128 ถนนนวมินทร์ แขวงรามอินทรา เขตคันนายาว กรุงเทพมหานคร 10230,0105520015324
บริษัท โอโนโน่ อินเตอร์ จำกัด,129/33 หมู่4 ซอยพงษ์ศิริชัย 1 ถนนเพชรเกษม ตำบลอ้อมน้อย อำเภอกระทุ่มแบน จังหวัดสมุทรสาคร 74130,0105533076891
บริษัท เอ แอนด์ ที,13/1 หมู่ 1 ตำบลหนองกระดิ่ง อำเภอคีรีมาศ จังหวัดสุโขทัย 64160,3640300062914
นายรังสิมันต์  รัตนวงษา,13/9 ถนนบ้านทุ่งควน  ตำบลทับเที่ยง อำเภอเมืองตรัง จังหวัดตรัง,1929900576004
วิทยาลัยเทคโนโลยีปทุมธานี,130 หมู่ 4 ถนนติวานนท์ ตำบลบ้านกลาง อำเภอเมืองปทุมธานี จังหวัดปทุมธานี 12000,0994000240821
บริษัท อินทรีแดง กรุ๊ป การเกษตร จำกัด,1319/22-23 ม. 10 ตำบลนครสวรรค์ตก อำเภอเมืองนครสวรรค์ จังหวัดนครสวรรค์ 6000,0605546000583
บริษัท เก้ามงคล ปุ๋ยเกษตร จำกัด,1319/22-23 หมู่ 10 ตำบลนครสวรรค์ตก อำเภอเมืองนครสวรรค์ จังหวัดนครสวรรรค์ 60000,0605567000205
บริษัทฟิลลิปส์อินเตอร์เนชั่นแนล จำกัด(สำนักงานใหญ่),1399/59-61 หมู่ 6 ถนนเทพารักษ์ ตำบลเทพารักษ์ อำเภอเมืองสมุทรปราการ จังหวัดสมุทรปราการ 10270,0105527005014
บริษัท คลีน แอร์ โปรดักท์ จำกัด,142กรุงเทพมหานคร  ซอยรามคำแหง 21(นวศรี1) ถนนรามคำแหง แขวงพลับพลา เขตทองหลาง 10310,0105538138746
บริษัท ซีพี เอ็กซ์ตร้า จำกัด (มหาชน) สำนักงานใหญ่,1468 ถนนพัฒนาการ แขวงพัฒนาการ เขตสวนหลวง กรุงเทพมหานคร 10250,0107567000414
บริษัท ซีพี เอ็กซ์ตร้า จำกัด (มหาชน) สำนักงานใหญ่,1468 ถนนพัฒนาการ แขวงพัฒนาการ เขตสวนหลวง กรุงเทพมหานคร 10260,0107537000921
บริษัท ศรีไทยซุปเปอร์แวร์ จำกัด (มหาชน) สำนักงานใหญ่,15 ซอยสุขสวัสดิ์ 36 ถนนสุขสวัสดิ์ แขวงบางปะกอก เขตราษฏร์บูรณะ กรุงเทพมหานคร 10140,0107536001516
บริษัท เอเลฟองเต้ อโกรเคมิคอล จำกัด,15/12ซอย 33 ถนนลาดพร้าว แขวงจันทรเกษม เขตจตุจักร กรุงเทพมหานคร 10900,0105549118628
บริษัท ท๊อป เทน ด๊อก (ประเทศไทย) จำกัด,15/14 ห้องที่ 1 ชั้นที่ 1 หมู่ที่ 8 ถนนกาญจนาภิเษก- บางประอิน ตำบลลำโพ อำเภอบางบัวทอง จังหวัดนนทบุรี 11110,0125556004535
บริษัท เวล ออแกไนซ์ จำกัด (สำนักงานใหญ่),15/3 ซอยรามคำแหง แขวงสะพานสูง เขตสะพานสูง กรุงเทพมหทนคร 10240,0105557007155
บริษัท  ไทยไวนิล จำกัด สาขา 00002,153/71 หมู่ 10 ตำบลนครสวรรค์ตก อำเภอเมืองนครสวรรค์  จังหวัดนครสวรรค์ 60000,0525548000239
บริษัท โกลคอนดา เอเซีย จำกัด (สำนักงานใหญ่),154 หมู่ 5 ตำบลหนองหนาม อำเภอเมือง จังหวัดลำพูน 51000,0515560000413
บริษัท นิวทรีไบร์ท จำกัด (สำนักงานใหญ่),16 ซอยพัฒนาการ 51 แขวงสวนหลวง เขตสวนหลวง กรุงเทพมหานคร 10250,0125560009902
บริษัท แฟลช เอ็กซ์เพลส จำกัด สำนักงานใหญ่,161 อาคารยูนิลิเวอร์เฮ้าส์ ชั้น 7 และ 8 ถนนพระรามเก้า แขวงห้วยขวาง เขตห้วยขวาง กรุงเทพมหานคร 10310,0105560159254
บริษัท เอบีบี ออโตเมชั่น (ประเทศไทย) จำกัด,161/1 อาคารเอสจี ทาวเวอร์ ชั้นที่ 1 - 4 ซอยมหาดเล็กหลวง 3 ถนนรายดำริ แขวง ลุมพินี เขตประทุมวัน กรุงเทพมหานคร 10330 สำนักงานใหญ่,0105562087170
บริษัท ปุ๋ยอินทรีย์ชีวภาพ ไบโอออร์แกนิค โปรดักซ์ จำกัด,163/91 หมู่ที่  5 ตำบลแพรกษา อำเภอเมืองสมุทรปราการ จังหวัดสมุทรปราการ 10280,0115564023438
นายอภิชาติ  โชติอธิพงศ์,164 หมู่ 5 ตำบลดอนทราย อำเภอปากท่อ จังหวัดราชบุรี,1709901089532
บริษัท ที พี เอส รุ่งเรืองกิจ จำกัด (สำนักงานใหญ่),164/1 หมู่ 2 ตำบลอรัญญิก อำเภอเมืองพิษณุโลก จังหวัดพิษณุโลก 65000,0655559001150
บริษัท ชินนี่ แอนด์ พีอาร์ เทรดดิ้ง จำกัด,165 หมู่ที่ 6 ตำบลพระบาท อำเภอเมืองลำปาง จังหวัดลำปาง 52000,0105564045717
บริษัท เอส เมดิคอล แคร์ จำกัด (สำนักงานใหญ่),"165,167 ถนนบรมราชชนนี แขวงตลิ่งชัน เขตตลิ่งชัน กรุงเทพมหานคร 10170",0105561115579
บจ.พานาโซนิค เอเนอร์จี (ประเทศไทย) สำนักงานใหญ่,166 หมู่ 4 ถนนสุขุมวิท ตำบลเทพารักษ์ อำเภอเมือง จังหวัดสมุทรปราการ 10270,0107565000352
นายมาวิน รอดบำรุง,1660/14  ซอยสุขุมวิท 101/1 แขวงบางจาก เขตพระโขนง กรุงเทพมหานคร ,1103100087469
บริษัท ซาวด์เช็ค จำกัด (สำนักงานใหญ่),167 ซอยหมู่บ้านสวนนครินทร์ 1 แขวงหนองบอน เขตประเวศ กรุงเทพมหานคร 10250,0105546041730
บริษัท ซาวด์เช็ค จำกัก (สำนักงานใหญ่),167 ซอยหมู่บ้านสวนนครินทร์ 1 แขวงหนองบอน เขตประเวศ กรุงเทพมหานคร 10250,0105546041730
บริษัท บลิส อินเตอร์เนชั่นแนล (ประเทศไทย)จำกัด,169/9 - 10 ถนนประดิพัทธ์ แขวงพญาไท เขตพญาไท กรุงเทพมหานคร 10400,0105558122225
บริษัท หลานสิน จำกัด (สำนักงานใหญ่),17 ซอยรามอินทรา 64 ถนนรามอินทรา แขวงคันนายาว เขตคันนายาว  กรุงเทพมหานคร 10230,0105549077573
บริษัท ทีเอดีเอส จำกัด (สำนักงานใหญ่),17/98 หมู่ที่ 1 ตำบลคลองห้า อำเภอคลองหลวง จังหวัดปทุมธานี 12120,0105558036507
บริษัท จอมยุทธ์16 จำกัด,175/1 หมู่ 2 บ้านกุดโบสถ์ ต.ท่าอ่าง อ.โชคชัย จ.นครราชสีมา 30190,0305563006911
บริษัท จอมยุทธ 16 จำกัด,175/1 หมู่ 2 บ้านกุดโบสถ์ ตำบลท่าอ่าง อำเภอโชคชัย จังหวัดนครราชสีมา 30190,0305563006911
บริษัท จอมยุทธ 16 จำกัด,175/1 หมู่ 2 บ้านกุดโบสถ์ ตำบลท่าอ่าง อำเภอโชคชัย จังหวัดนครราชสีมา 30190,0305563006911
หจก. จอมยุทธ 16,175/1 หมู่ 2 บ้านกุดโบสถ์ ตำบลท่าอ่าง อำเภอโชคชัย จังหวัดนครราชสีมา 30190,0305563006911
บริษัททรู ลีสซิ่ง จำกัด (สำนักงานใหญ่),18 อาคาร ทรู ทาวเวอร์ ถนนรัชดาภิเษก เขตห้วยขวาง กรุงเทพมหานคร 10310,0115535008949
บริษัท เอส.เอ็ม.เค โปรดักส์ จำกัด  (สำนักงานใหญ่),"18,20 ซอยสุขสวัสดิ์ 26 แยก 6 ถนนสุขสวัสดิ์ แขวงบางประกอก เขตราษฏร์บูรณะ กรุงเทพมหานคร 10140",0105556037352
บริษัท ไท่ ลี่ ฮิง อินดัสทรี จำกัด  (สำนักงานใหญ่),18/4 หมู่ที่ 4 ตำบลชัยมงคล อำดภอเมืองสมุทรสาคร จังหวัดสมุทรสาคร 74000,0105562144246
บริษัท โกลบอล ครอปส์ จำกัด,186 ซอยบรมราชชนนี 6 ถนนบรมราชชนนี แขวงบางบำหรุ เขตบางพลัด กรุงเทพมหานคร 10700,0105535135398
:,186/2 หมู่ 8 ตำบลหน้าไม้ อำเภอลำลูกกา จังหวัดปทุมธานี,3100905214467
สำนักงานบรรเทาทุกข์และประชานามัยพิทักษ์ สภากาชาดไทย,1871 ถนนอังรีดูนังต์ แขวงวังใหม่ เขตปทุมวัน กรุงเทพมหานคร 10330,0994000160127
บริษัท เดอะฟีนิกซ์ 999 แอสเซมบลี จำกัด,189 /1 หมู่ 7 ตำบลนครสวรรค์ตก อำเภอเมืองนครสวรรค์ จังหวัดนครสวรรค์ 60000,0605558001326
ห้างหุ้นส่วนจำกัด กุลนิษ อินเตอร์เทรด,189/25 หมู่ 12 ตำบลท่าขอนยาง อำเภอกันทรวิชัย จังหวัดมหาสารคาม 44150,0443561000963
บริษัทพรภวิษย์ 1919 จำกัด (สำนักงานใหญ่),189/438-441 หมู่ 5 ตำบลพันท้ายนรสิงห์ อำเภอเมือง จังหวัดสมุทรสาคร 74000,0745563005121
บริษัท เอ็น.พี. เซอร์เวย์ จำกัด (สำนักงานใหญ่),189/75 หมู่ที่1 ตำบลบางขุนกอง อำเภอบางกรวย จังหวัดนนทบุรี  11130,0105547045143
นายสิทธิศักดิ์ นาคประเสริฐ,199 ช.ม.ลพบุรีวิลล์ ตำบลเขาสามยอด อำเภอเมืองลพบุรี,3160100638669
บริษัท ยูดี ทรัคส์ คอร์ปอเรชั่น (ประเทศไทย) จำกัด  สำนักงานใหญ่ ,199 หมู่ที่ 1ถนนบางนา-ตราด ตำบลศีรษะจรเข้ใหญ่ อำเภอบางเสาธง จังหวัดสมุทรปราการ 10570,0105533032851
นายจักรพงษ์ เกเย็น,199/28 ซอยนวมิทร์42 แขวงคลองกุ่ม เขตบึงกุุ่ม กรุงเทพมหานคร,1560300037540
บริษัท ช้างทอง เยาวราช จำกัด(สำนักงานใหญ่) ,2/1-2 ถนน ศรีชาววัง ตำบลท่าอิฐ อำเภอเมืองอุตรดิตถ์ จังหวัดอุตรดิตถ์ 53000,0655559001427
บริษัท ชับบ์สามัคคีประกันภัย จำกัด (มหาชน ) สำนักงานใหญ่,2/4 อาคารชับบ์ ชั้นที่ 12 โครงการนอร์ธปาร์ค ถนนวิภาวดีรังสิต แขวงทุ่งสองห้อง เขตหลักสี่ กรุงเทพมหานคร 10210,0107566000054
บริษัท ออล ควอลิตี้ ซัพพลาย จำกัด,2/43/44 ถนนยันตรกิจโกศล ตำบลในเวียง อำเภอเมือง จังหวัดแพร่ 54000,0545563000163
ห้างหุ้นส่วนจำกัด อยู่เย็น เดคคอเรท (สำนักงานใหญ่),20/542 ซอยเลียบคลอง 27 แขวงคลองสามวาตะวันตก เขตคลองสามวา กรุงเทพมหานคร 10510,0103551016878
บริษัท ไออีเอส วันเซอร์วิส จำกัด สำนักงานใหญ่,200 ซอยรามอินทรา 8 แยก  24 แขวงจรเข้บัว เชตลาดพร้าว กรุงเทพมหานคร 10230,0505549005731
บริษัท อเด็คโก้ เพชรบุรีตัดใหม่ จำกัด (สำนักงานใหญ่),"2034/60,63-64 อาคารอิตัลไทยทาวเวอร์ ชั้น 12 เอ ถนนเพชรบุรีตัดใหม่ แขวงบางกะปิ เขตห้วยขวาง กรุงเทพมหานคร 10310",0105539007122
บริษัท พีอาร์ ทีอาร์ กรุ๊ป จำกัด (มหาชน),2034/82 อาคารอิตัลไทย ทาวเวอร์ ชั้น 18 ถนนเพชรบุรีตัดใหม่ แขวงบางกระปิ เขตห้วยขวาง กรุงเทพมหานคร 10310,0107565000352
บริษัท พีอาร์ทีอาร์ กรุ๊ป จำกัด,2034/82 อาคารอิตัลไทย ทาวเวอร์ ชั้น 18 แขวงบางกระปิ เขตห้วยขวาง กรุงเทพมหานคร 10320,0105536033661
บริษัท พีอาร์ ทีอาร์ กรุ๊ป จำกัด,2034/82 อาคารอิตัลไทย ทาวเวอร์ ชั้น 18 แขวงบางกระปิ เขตห้วยขวาง กรุงเทพมหานคร 10320,0105536033661
บริษัท พีอาร์ ทีอาร์ กรุ๊ป จำกัด,2034/82 อาคารอิตัลไทย ทาวเวอร์ ชั้น 18 แขวงบางกระปิ เขตห้วยขวาง กรุงเทพมหานคร 10320,0105536033661
บริษัท อินวิคตัส (ประเทศไทย) จำกัด (สำนักงานใหญ่),205/6 หมู่ 6 ตำบลไพศาลี อำเภอไพศาลี จังหวัดนครสวรรค์ 60220,0605561001552
บริษัท อิสโก้ จำกัด,209 หมู่ 1 ตำบลสันโป้ง อำเภอแม่ริม จังหวัดเชียงใหม่ 50180,0505556006364
ธนาคารเกียรตินาคินภัทร (มหาชน) จำกัด(สำนักงานใหญ่),209 อาคารเค เค พี ทาวเวอร์ ถนนสุขุมวิท 21(อโศก) แขวงคลองเตยเหนือ เขตวัฒนา กรุงเทพมหานคร ,1017536000986
บริษัทรักษาความปลอดภัย ไทยซีคอม จำกัด,21/6-7 อาคารไทยวาทาวเวอร์ ชั้น 4 ถ.สาทรใต้ แขวงทุ่งมหาเมฆ เขตสาทร กรุงเทพมหานคร 10120,0105530045650
บริษัทรักษาความปลิดภัย ไทยซีคอม จำกัด (สำนักงานใหญ่),21/6-7 อาคารไทยวาทาวเวอร์ ชั้น 4 ถนนสาทรใต้ แขวงทุ่งมหาเมฆ เขตสาทร กรุงเทพมหานคร 10120,0105630045660
บริษัท เอ็ม. ไอ. ดี. จำกัด,212/10 ถนนพหลโยธิน ซอย 66 อนุสาวรีย์ เขตบางเขน กรุงเทพมหานคร 10220,0105510004095
บริษัท วีไอวี อินเตอร์เคม  จำกัด (สำนักงานใหญ่),22 ซอยสุขุมวิท 42 ถนนสุขุมวิท แขวงพระโขนง เขตคลองเตย กรุงเทพมมหานคร 10110,0105529019063
ห้างหุ้นส่วนจำกัด  เคบีแอล วอล (สำนักงานใหญ่),22/7 หมู่ 12 ตำบลสระสี่มุม อำเภอกำแพงแสน จังหวัดนครปฐม 73140,0733562001022
บริษัท เฟิร์มเมอร์ จำกัด,222 ถนนโพธิ์แก้ว แขวงคลองจั่นเขตบางกะปิ กรุงเทพมหานคร 10240,0105535062200
บริษัท ผลิตไฟฟ้า จำกัด (มหาชน) สำนักงานใหญ่,"222 อาคารเอ็กโก ชั้น 14,15 ถนนวิภาวดีรังสิต แขวงทุ่งสองห้อง เขตหลักสี่ กรุงเทพมหานคร 10210",0107537000866
บริษัท แปดริ้วเครื่องเย็นเชียงใหม่ (1994)จำกัด,223 หมู่ 1 ตำบลท่าศาลา อำเภอเมือง จังหวัดเชียงใหม่ 50000,0505537002812
บริษัท แปดริ้วเครื่องเย็นเชียงใหม่(1994) จำกัด,223 หมู่ 1 ตำบลท่าศาลา อำเภอเมืองเชียงใหม่ จังหวัดเชียงใหม่ 50000,0505537002812
บริษัท ซูพรีม ครอบส์ จำกัด,223/7 หมู่ที่ 5 ตำบลแม่เหียะ อำเภอเมือง จังหวัดเชียงใหม่ 50100,0505558012981
บริษัท โอเพ่นเทคโนโลยี่ จำกัด(มหาชน) สำนักงานใหญ่,223/95 ชั้น 20 คันทรี่ คอมเพล็กซ์ อาคารเอ ถนนสรรพาวุธ แขวงบางนาใต้ เขตบางนา กรุงเทพมหานคร 10260,0107551000291
บริษัท ดับบลิวเอ็มไอ ไวร์เมช จำกัด,224-225 หมู่ 8 ตำบลบ้านมะเกลือ อำเภอเมืองนครสวรรค์ จังหวัดนครสวรรค์ 60000,0605538000685
บริษัท เคพีพี อโกรเอเซีย จำกัด (สำนักงานใหญ่),225 หมู่ 3 ตำบลหนองบัวศาลา อำเภอเมือง จังหวัดนครราชสีมา 30000,0305566000255
บริษัท ไทยฮาท แคลิเบรชั่น จำกัด (สำนักงานใหญ่),2299/12-13 หมู่ 4 ตำบลเทพารักษ์ อำเภอเมืองสมุทรปราการ จังหวัดสมุทรปราการ 10270,0115550010011
บริษัท ชาธิวา (ไทย) จำกัด,232/11หมู่ 13 ซอยเพชรเกษม 95 ตำบลอ้อมน้อย อำเภอกระทุ่มแบน จังหวัดสมุทรสาคร 74130,0105540091468
บริษัท เอ็กซา ซีแลม จำกัด (สาขาพิษณุโลก),239/1 หมู่ 3 ตำบลดอนทอง อำเภอเมืองพิษณุโลก จังหวัดพิษณุโลก 65000,0105538031038
บริษัท เอ็กซา ซีแลม จำกัด (สาขาพิษณุโลก) สาขาที่ 00004,239/1 หมู่ 3 ตำบลดอนทอง อำเภอเมืองพิษณุโลก จังหวัดพิษณุโลก 65000,0105538031038
บริษัท พีเจริญพลัส จำกัด,239/146 หมู่ที่ 5 ตำบลบางเมือง อำเภอเมืองสมุทรปราการ จังหวัดสมุทรปราการ 10270,0115561018921
บริษัท ไตรภาค เซอร์วิส แอนด์ แมนทาแนนซ์ จำกัด,"24/968 ซอยวิภาวดี รังสิต 37 แขวงสนามบิน เขตดอนเมือง
กรุงเทพมหานคร ",0105542099164
บริษัท ถาวรกิจ ออโต้พาร์ท จำกัด,243 หมู่ 1 ตำบลริมกก อำเภอเมืองเชียงราย จังหวัดเชียงราย 57100,0575557002699
บริษัท อิมแพค คลีนนิ่ง เซอร์วิสเซส จำกัด,245 หมู่ 1 ตำบลนราภิรมย์ อำเภอบางเลน จังหวัดนครปฐม 73130,0735560007840
บริษัท สิริ โปร จำกัด สาขาที่ 00005,251/8 หมู่ที่ 10 ตำบลท่าทอง อำเภอเมืองพิษณุโลก จังหวัดพิษณุโลก 65000,0105561182403
นางชลดา  หริ่มสืบ,26 หมู่ 14 ตำบลตาคลี อำเภอตาคลี  จังหวัดนครสวรรค์,5220800021079
บริษัท เอ็มที เซอร์วิส 2015 จำกัด (สำนักงานใหญ่),26/725 หมู่ 10 ตำบลลาดสวาย อำเภอลำลูกกา จังหวัดปทุมธานี,0135558001959
บริษัท3จี ไวริ่ง จำกัด (สำนักงานใหญ่),260/1 ซอยอ่อนนุช 46 ถนนสุขุมวิท 77 แขวสวนหลวง เขตสวนหลวง กรุงเทพมหานคร 10250,0105559052298
นายธิปัจวกรณ์ ชื่นปัญญาวงศ์,263/11 ถนนมหิดล ตำบลป่าแดด อำเภอเมือง จังหวัดเชียงใหม่,1501000052561
บริษัท เอเซีย ไบโอแมส จำกัด (มหาชน) สำนักงานใหญ่,273/2 ถนนพระราม 2 แขวงแสมดำ เขตบางขุนเทียน กรุงเทพมหานคร 10150,0107560000061
บริษัท แคลสส์ซี จำกัด,28/17 หมู่ 12 ตำบลบึงคำพร้อย อำเภอลำลูกกา จังหวัดปทุมธานี 12150,0105547136874
บริษัท แคลสส์ซี จำกัด,28/17 หมู่ที่ 2 ต.บึงคำพร้อย อ.ลำลูกกา จ.ปทุมธานี 12150,0105547136874
"บริษัท ก่วงหมิง จำกัด (Guang Ming Co.,Ltd.)",284/1 หมู่ที่ 1 ตำบลแคราย อำเภอกระทุ่มแบน จัหวัดสมุทรสาคร 74110,0105564075918
บริษัท ทีเค ทรัพย์เจริญรุ่งเรือง จำกัด,288 หมู่ 1 ตำบลเมืองเก่า อำเภอเมืองขอนแก่น จังหวัดขอนแก่น 40000,0405561002755
ศูนย์ส่งเสริมอุตสาหกรรมภาคที่  2,292  ถนนเลี่ยงเมืองสุโขทัย - นครสวรรค์ ตำบลบ้านกร่าง อำเภอเมือง จังหวัดสุโขทัย 65000,0994000827211
บริษัท เมืองไทยประกันภัย จำกัด (มหาชน) สำนักงานใหญ่,292 ถนนรัชดาภิเษก แขวงห้วยขวาง เขตห้วยขวาง กรุงเทพมหานคร 10310,0107551000151
บริษัท สตีล เกรด จำกัด,295 หมู่ 2 ตำบลสันพระเนตร อำเภอสันทราย จังหวัดเชียงใหม่ 50210,0105566553664
บริษัท พรีฟอร์มด์ ไลน์ โปรดัคส์ (ประเทศไทย) จำกัด,296 หมู่ที่ 4 ถนนฉลองกรุง แขวงลำปลาทิว เขตลาดกระบัง กรุงเทพมหานคร 10520,0105519005990
บริษัท อินนิซีส  จำกัด (สำนักงานใหญ่),3 ซอยแยกสวนสยาม 3 แยก 5 ถนนสวนสยาม แขวงคันนายาว เขตคันนายาว กรุงเทพมหานคร 10230,0105545105203
บริษัท ไทยประเสริฐโฆษณา จำกัด,30 ซอยบางนา 20 แขวงบางนาใต้ เขตบางนา กรุงเทพมหานคร 10260,0105542023630
ร้านอิงค์ออยงานป้าย (สาขา สำนักงานใหญ่),30/3 หมู่ 2 ตำบลซับสมอทอด อำเภอบึงสามพัน จังหวัดเพชรบูรณ์ 67160,3670400056355
บริษัท แกรนด์ ไบโอเทค จำกัด ,30/4 ซอยอินทามระ 59 ถนนสุทธิสาร แขวงดินแดง เขตดินแดง กรุงเทพมหานคร 10400,0105551134309
บริษัท บีเคเค มาร์เก็ตติ้ง เซ็นเตอร์ จำกัด (สำนักงานใหญ่),301/1136 ซอยรามคำแหง 68(สุภาพษ์) แขวงหัวหมาก เขตบางกะปิ กรุเทพมหานคร 10240,0105540074741
บริษัท ยูเนียน อินด้า จำกัด สาขาที่ 00001,306/2-3 ถนนจักรเพชร แขวงวังบูรพาภิรมย์ เขตพระนคร กรุงเทพมหานคร 10200,0105526008419
บริษัทสกิลพาวเวอร์ เซอร์วิส (ประเทศไทย) จำกัด,"31,31/1,33 อาคารภิรัชทาวเวอร์ แอท สาทร อาคารบี ชั้น 2 ถนนสาทรใต้ แขวงยานนาวา เขตสาทร กรุงเทพมหานคร 10120",0105541012863
บริษัท อินโนเวทีฟ ทิชชิ่ง แอนด์เลิร์นนิ่ง  ทูลส์ จำกัด (สำนักงานใหญ่),31/1-2 - 32/2-3 ตรอกศิริพิพัฒน์  ถนนมหาไชย แขวงสำราญราษฏร์ เขตพระนคร กรุงเทพมหานคร 10200,0105558132344
บริษัท ฮงแสงอุตสาหกรรม จำกัด,318/1 ม.2 ซ.นวลทอง ถ.เศรษฐกิจ1 ต.อ้อมน้อย อ.กระทุ่มแบน จ.สมุทรสาคร 74130,0105540082213
บริษัท คอมพลีทพ้อยท์ ออโต้ เอ็นจิเนียริ่ง จำกัด,32 ซอยลาซาล 81 แขวงบางนา เขตบางนา  กรุงเทพมหานคร 10260,0105560030731
บริษัท พิณสยาม จำกัด  (สำนักงานใหญ่),32/9 หมู่ 5 ถ.พหลโยธิน ต.คลองหนึ่ง อ.คลองหลวง จ.ปทุมธานี 12120,0105540072935
บริษัท พิณสยาม จำกัด (สำนักงานใหญ่),32/9 หมู่ 5 ถนนพหลโยธิน ตำบลคลองหนึ่ง อำเภอคลอหลวง จังหวัดปทุมธานี 12120,0105540072935
บริษัท ฮิตาชิ เอนเนอร์ยี่ (ประเทศไทย) จำกัด,322 หมู่ 4 นิคมอุตสาหกรรมบางปู ซอย 6 ถนนสุขุมวิท ตำบลแพรกษา อำเภอเมืองสมุทรปราการ จังหวัดสมุทรปราการ 10280,0115533004130
บมจ. ยูนิค พลาสติก อินดัสตรี ,323 หมู่ 2 ถนนพุทธรักษา ตำบลแพรกษาใหม่ อำเภอเมืองสมุทรปราการ จังหวัดสมุทรปราการ 10280,0107567000317
บริษัท ยูนิคอุตสาหกรรมพลาสติก จำกัด,323 หมู่ 2 ถนนพุทธรักษา ตำบลแพรกษาใหม่ อำเภอเมืองสมุทรปราการ จังหวัดสมุทรปราการ 10280,0115531002237
ห้างหุ้นส่วนจำกัด จีพีเอสไอแอม(สำนักงานใหญ่),323/8 ซอยภาวนา แขวงสามเสนนอก เขตห้วยขวาง กรุงเทพมหานคร 10310,0103555056904
บริษัท แมมมอธ กรุ๊ป จำกัด (สำนักงานใหญ่),3279 / 19 ถนนสืบศิริ ตำบลในเมือง อำเภอเมืองนครราชสีมา จังหวัดนครราชสีมา 30000,0305560000415
บริษัท เอยิซึ (ไทยแลนด์) จำกัด สำนักงานใหญ่,33/4 อาคารเดอะไนน์ทาวเวอร์ ตึกเอ ชั้นที่ 35 ถนนพระราม 9 แขวงห้วยขวาง เขตห้วยขวาง กรุงเทพมหานคร 10310,0105554093263
คุณมนู พันธ์ุภักดี ธนาคารกรุงเทพ จำกัด (มหาชน) สำนักงานใหญ่,333 ถนนสีลม แขวงสีลม เขตบางรัก กรุงเทพมหานคร 10500,0107536000374
บริษัท อีสานใต้ คลีนนิ่ง จำกัด,333 หมู่ 13 ตำบลเฉนียง อำเภอเมือง จังหวัดสุรินทร์ 32000,0325558001116
บริษัท ซี ที จี เอ็ยจิเนียริ่ง จำกัด (สำนักงานใหญ่),334 หมู่ 6 ตำบลในเมือง อำเภอเมืองขอนแก่น  จังหวัดขอนแก่น 40000,0405554002681
บริษัท จีทีซี โปรเจค (2013) จำกัด (สำนักงานใหญ่),34/59 ถนนปทุม กรุงเทพ ตำบลบางปรอก อำเภอเมืองปทุมธานี จังหวัดปทุมธานี 12000,0135567009045
นางสาว วันเพ็ญ จรัญญา,342 หมู่ที่ 10 ตำบลหนองบัวศาลา อำเภอเมืองนครราชสีมา จังหวัดนครราชสีมา,3309901841641
บริษัท วีเหลี่ยม หว่อง กรุ๊ป จำกัด สำนักงานใหญ่,35/1หมู่3 ตำบลไทรใหญ่ อำเภอไทรน้อย จังหวัดนนทบุรี 11150,0105535083312
บริษัท คงสวัสดิ์ ซัพพลาย จำกัด,35/428 หมู่ที่ 2 ต.บางน้ำจืด อ.เมืองสมุทรสาคร จ.สมุทรสาคร 74000,0105559174857
บจก.แลคตาซอย สำนักงานใหญ่,3532 ถนนสุขุมวิท แขวงบางนาใต้ เขตบางนา กรุงเทพมหานคร 10260,0105514003654
บริษัท เบอร์ลินฟาร์มาซูติคอลอินดัสตรี้ จำกัด,359 ถนนเจริญกรุง แขวงป้อมปราบ เขตป้อมปราบศัตรูพ่าย กรุงเทพมหานคร 10100,0105527028436
บริษัทพี.ที.อี. อินเตอร์กรุ๊ป จำกัด,362 ซอย 10 (การเคหะแห่งชาติ) แขวงคลองจั่น เขตบางกระปิ กรุงเทพมหานคร 10240,0105545047378
บริษัท นีโอเทค อิมแพกซ์ จำกัด (สำนักงานใหญ่),364 ถนนเฉลิมพระเกียรติ ร.9 แขวงหนองบอน เขตประเวศ กรุงเทพมหานคร 10250,0105540057545
บริษัท ไดนาสตี้ เซรามิค จำกัด(มหาชน)  สำนักงานใหญ่,37/7 ถนนสทธิสารวินิจฉัย แขวงสามเสนนอก เขตห้วยขวาง กรุงเทพมหานคร 10310  ,0107537000742
บริษัทดายุน ออโตโมบิล (ประเทศไทย)จำกัด(สาขา 00003),371 ชั้น 3 ถนนบอนด์สตรีท ตำบล บางพูด อำเภอปากเกล็ด จังหวัดนนทบุรี 11120,0845539000652
ห้างหุ้นส่วนจำกัด เอ็น เจ เค ชัพพลายแอนด์เชอร์วิส,39/90 ซอย ม.เพชรเกษม 4 ถนนทวีวัฒนา แขวงหนองค้างพลู เขตหนองแขม กรุงเทพมหานคร,0103567007806
บริษัท ตะวันแดง ดีซีเอ็ม จำกัด (สำนักงานใหญ่),393 อาคาร 393 สีลม ชั้น 7-10 ถนนสีลม แขวงสีลม เขตบางรัก กรุงเทพมหานคร 10500,0105555092457
บริษัท ธีรวัฒน์เครื่องอัดลม จำกัด (สำนักงานใหญ่),399 ถนนวรจักร แขวงป้อมปราบ เขตป้อมปราบศัตรูพ่าย กรุงเทพมหานคร 10100,0105535000981
บริษัทช้าง โซล่าเซลล์ เทคโนโลยี จำกัด ,399/21-22 หมู่ 6 ตำบลหัวรอ อำเภอเมืองพิษณุโลก จังหวัดพิษณุโลก 65000,0655562002145
ห้างหุ้นส่วนจำกัด เซลส์ โปร กรุ๊ป 2019,4/1 หมู่ 12 ตำบลหนองระเวียง อำเภอพิมาย จังหวัดนครราชสีมา 30110,0303562004408
บริษัท เอส บีนี  ทิมเบอร์ กรุ๊ป,40/142 ตำบลบ้านกลาง อำเภอเมือง จังหวัดปทุมธานี,0105535099472
บริษัท เจพีพี แคร์ จำกัด (สำนักงานใหญ่),406/1 ซอยสุขุมวิท 66 แขวงบางนาเหนือ เขตบางนา กรุงเทพมหานคร 10260,0105551131369
บริษัท เอส เอส พี ไอซ์ ซีสเท็ม จำกัด,406/1 หมู่ 4 ตำบลบ้านคลองสวน อำเภอพระสมุทรเจดีย์ จังหวัดสมุทรปราการ 10290,0105549064587
บริษัท เอ็นเจ ดาโก้เทค จำกัด,406/100 ถนนเลียบคลองสอง แขวงบางชัน เขตคลองสามวา กรุงเทพมหานคร 10510,0105554044203
บริษัท พี.เอส.เบสท์ โปรดักส์ จำกัด,41 ซอยเพชรเกษม 63 แยก34 แขวงบางแคเหนือ เขตบางแค กรุงเทพมหานคร 10160,0105561206809
บริษัท พี.เอส.เบสท์ โปรดักส์ จำกัด(สำนักงานใหญ่),41 ซอยเพชรเกษมเ 68 แยก 34 แขวงบางแคเหนือ  เขตบางแค กรุงเทพมหานคร 10160,0105561206809
บริษัท เฮอร์คิวลิส เครน จำกัด (สำนักงานใหญ่),41/1-3 หมู่ที่ 10 ถนนชลบุรี-บ้านบึง ตำบลหนองรี อำเภอเมืองชลบุรี จังหวัดชลบุรี 20000,0205545002837
บริษัทเรือนแก้ว อินเตอร์ดรักส์ จำกัด,41/2 หมู่ 4 ตำบลท้ายเกาะ อำเภอสามโคก จังหวัดปทุมธานี 12160,0105558062605
บริษัท สยามชัย เซอร์วิส จำกัด  สำนักงานใหญ่,41ซอยรังสิต-นครนายก 46 ตำบลประชาธิปัตย์ อำเภอธัญบุรี จังหวัดปทุมธานี 12130,0135540003801
บริษัท สยามชัย เซอร์วิส จำกัด  สำนักงานใหญ่ (ปาริมา),41ซอยรังสิต-นครนายก 46 ตำบลประชาธิปัตย์ อำเภอธัญบุรี จังหวัดปทุมธานี 12130,0135540003801
บริษัท ทีดีเค อินเตอร์เนชั่นแนล จำกัด (สำนักงานใหญ่),42 หมู่ที่ 2บ้านดงแสนแผง ตำบลคอกช้าง อำเภอสระใคร จังหวัดหนองคาย 43100,0105528005867
บริษัท ไอ ซี พี ลัดดา จำกัด (สำนักงานใหญ่),42 อาคาร ไอ ซี พี ชั้น 5 ถนนสุรวงศ์ แขวงสี่พระยา เขตบางรัก กรุงเทพมหานคร 10500,0505509000045
บริษัท โรงงาน ผลิตภัณฑ์อาหารไทย จำกัด สำนักงานใหญ่,42/1 หมู่ 2 ถนนเพชรเกษม ตำบลอ้อมใหญ่  อำเภอสามพราน จังหวัดนครปฐม 73160,0105515002287
บริษัท เพื่อนเกษตรกร จำกัด,43 ถ.ราชพฤกษ์ ต.ช้างเผือก อ.เมือง จ.เชียงใหม่ 50300,0105527043706
บริษัท ไฟโก จำกัด (สำนักงานใหญ่),43/524-6 หมู่ 3 ถนนพหลโยธิน แขวงอนุสาวรีย์ เขตบางเขน กรุงเทพมหานคร 10220,0105527038265
บริษัท เอซีไอ อินซิเนอเรเทอร์ จำกัด,437 หมู่ 1 ตำบลบ้านเสด็จ อำเภอเมืองลำปาง จังหวัดลำปาง 52000,0525558000134
บริษัท เอ็น.วี.แอร์ ซัพพลาย แอนด์ เซอร์วิส จำกัด (สำนักงานใหญ่),44 ซอยทวีวัฒนา-กาญจนาภิเษก 2/2 ถนนทวีวัฒนา-กาญจนาภิเษก แขวงทวีวัฒนา เขตทวีวัฒนา กรุงเทพมหานคร 10170,0105558118163
บริษัท เวิร์ค คูลลิ่ง เซ็นเตอร์ จำกัด (สำนักงานใหญ่),44/65 หมู่บ้าน เบล็สวิลล์ เจริญพัฒนา 8 ซอยเจริญพัฒนา 8 แขวงบางชัน เขตคลองสามวา กรุงเทพมหานคร 10510,0105562100320
บริษัท แม็คกรุ๊ป จำกัด (มหาชน) สำนักงานใหญ่,"448,450 ถนนอ่อนนุช แขวงประเวศ เขตประเวศ กรุงเทพมหานคร 10250",0107556000230
นายเนตรครินทร์ พึ่งคล้ำ,46/1 หมู่ที่ 14  ตำบลโพรงมะเดื่อ อำเภอเมืองนครปฐม จังหวัดนครปฐม ,1739900370947
บริษัท ไทยทัวร์ อินโฟ จำกัด (สำนักงานใหญ่),46/26 ถนนเจริญราษฏร์ แขวงบางโคล่ เขตบางคอแหลม กรุงเทพมหานคร 10120,0105547027226
บจ.เอนเนอจี 789  จำกัด,469 หมู่ 1 ตำบลบ้านโฮ่ง อำเภอบ้านโฮ่ง จังหวัดลำพูน 51130,0505555009947
บริษัท เกรียง ชัยชาญ ซับพอร์ท จำกัด,48 / 211 หมู่4 ตำบลนาดี อำเภอเมืองสมุทรสาคร จังหวัดสมุทรสาคร 74000,0105556183880
บริษัท ไฮทอป ออฟติค จำกัด,"49,51 ซอบรามคำแหง 8 แยก 6 (ห้าพี่น้อง2) ถนนรามคำแหง แขวงหัวหมาก เขตบางกะปิ กรุงเทพมหานคร 10240",0105542065774
บริษัท ยูไนเต็ด โปรเจคต์แมเนจเมนท์ จำกัด,496 หมู่ 9 ตำบลสำโรงเหนือ อำเภอเมืองสมุทรปราการ จังหวัดสมุทรปราการ 10270,0115563011576
ห้างหุ้นส่วนจำกัด ไอเดียร์ เลเซอร์ ซีเอ็นซี คัตติ้ง ดีไซน์,499/8 หมู่บ้านเดอะวิช 2 บ้านทุ่ม หมู่ที่ 12 ตำบลบ้านทุ่ม อำเภอเมืองขอนแก่น จังหวัดขอนแก่น  40000,0403563002971
บริษัท โคเซอร์ แอนด์ โกล อิมปอร์ต เอ็กปอร์ต จำกัด,5/3 หมู่ 2 ตำบลคลองใหม่  อำเภอสามพราน จังหวัดนครปฐม  73110,0105562061219
นายทวีศักดิ์  วรบุตร,50/480 หมู่ที่ 5 ตำบลพาหุรัด อำเภอบางบัวทอง จังหวัดนนทบุรี,3102001384860
บริษัท เซียนไอที จำกัด,500/4 ถนนช้างเผือก ตำบลในเมือง อำเภอเมือง จังหวัดนครราชสีมา  30000,0305563004659
บริษัท นีโอเอ็มกรุ๊ป (ประเทศไทย) จำกัด,51/62 หมู่ที่ 2 ตำบลบึงยี่โถ อำเภอธัญบุรี จังหวัดปทุมธานี 12130,0505565010387
บริษัท ศิริวิรวัฒน์ จำกัด,528 ซอยรัชดาภิเษก 26 ถนนรัชดาภิเษก แขวงสามเสนนอก เขตห้วยขวาง กรุงเทพมหานคร 10130,0105531075854
บริษัท แคมป์ มาร์ท จำกัด (สำนักงานใหญ่),53/24 หมู่ที่ 8 ถนนกาญจนาภิเษก ตำบลบางม่วง อำเภอบางใหญ่ จังหวัดนนทบุรี 11140,0105544083401
บริษัท วาย.วี.พี. เฟอร์ติไลเซอร์ จำกัด,54/18 ซอยประชาอุทิศ 3 แขวงดอนเมือง เขตดอนเมือง กรุงเทพมหานคร 10210,0105532096537
บริษัทไทยน้ำทิพย์คอมเมอร์เชียล จำกัด(สาขาที่ 00014),55 หมู่ที่ 2 ถนนกรุงเทพ-ปทุมธานี ตำบลบางขะแยง อำเภอเมืองปทุมธานี จังหวัดปทุมธานี 12000,0105555172710
บริษัท คอนชูเมอร์ แอพพลายแอนซ์ (ประเทศไทย) จำกัด,555 ถนนพหลโยธิน แขวงจตุจักร เขตจตุจักร กรุงเทพฯ 10900,0105563003662
บริษัท เอ็ม.อี.นอร์ทอีส จำกัด,555/14 หมู่ที่ 3  ตำบลหนองจอก อำเภอเมืองนครราชสีมา จังหวัดนครราชสีมา 30000,0305559004496
บริษัท นิทัศน์ เฟอร์นิเจออร์ จำกัด (สำนักงสนใหญ่),56/1 หมู่ที่ 12 ตำบลบางบัวทอง อำเภอบางบัวทอง จังหวัดนนทบุรี 11110,0125562029030
บริษัท สไมล์ แล็บบอราทอรี่ จำกัด,563/1 ถนนเทอดไท แขวงบางหว้า เขตภาษีเจริญ กรุงเทพมหานคร 10160,0105561196366
บริษัท แอล เอ็ม ที กรุ๊ป จำกัด,"58,58/1 ถนนกรุงธนบุรี แขวงบางลำภูล่าง เขตคลองสาน กรุงเทพมหานคร 10600",0105563165123
บริษัท ไอดีไดร์ฟ จำกัด (ศูนย์ฝึกอบรม สาขาแก่งคอย 00018),58/1 หมู่ 9 ตำบลทับกวาง อำเภอแก่งคอย จังหวัดสระบุรี 18260,0405536000531
บริษัท มัลติคาสท์ จำกัด (สำนักงานใหญ่),580/7 ถนนประชาราษฎร์ 1 แขวงบางซื่อ เขตบางซื่อ กรุงเทพมหานคร 10800,0105548087443
บริษัท สยาม ดีเสิร์ท จำกัด,6/1 หมู่ 8 ตำบลสระกระเทียม อำเภอเมือง จังหวัดนครปฐม 73000,0735561001985
บริษัท เดิร์ท แทร็ค คอนโทรล จำกัด (สำนักงานใหญ่),61/2 หมู่ 7 ซอยหนองไม้แก่น 10 ตำบลหนองปรือ อำเภอบางละมุง จังหวัดชลบุรี 20150,0205561012558
บริษัท ซันโทรี่ เป๊ปซี่โค เบเวอร์เรจ(ประเทศไทย) จำกัด,622 อาคารเอ็มโพเรียม ทาวเวอร์ ชั้น 8 และชั้น 9 ถนนสุขุมวิท แขวงคลองตัน เขตคลองเตย กรุงเทพมหานคร 10110,0105546139004
นายศรัณย์ ษมาชัยพรดี,63/3 หมู่ 3 ตำบลแม่เสลียง  อำเภอแม่เสลียง จังหวัดแมฺ่่อสอน,1580400187756
ห้างหุ้นส่วนจำกัด รวยรวย เฮงเฮง,64/1 หมู่ 1 ตำบลมหาโพธิ์ อำเภอเก้าเลี้ยว จังหวัดนครสวรรค์ 60230,0603555001943
นายธัชพล  ศรทิพย์,640 ถ.สาธุประดิษฐ์ แขวงบางโพงพาง เขตยานนาวา กรุงเทพมหานคร,3101202644922
บริษัท แม็ค เมดิคัล จำกัด,641/32 ถนนเสรีไทย แขวงคลองกุ่ม เขตบึงกุ่ม กรุงเทพมหานคร  10240,0105560008647
ห้างหุ้นส่วนจำกัด เอ็มเมค,645/3 หมู่ 5 ซอยโพธิ์แก้ว ถนนนวมินทร์ แขวงคลองกุ่ม เขตบึงกุ่ม กรุงเทพมหานคร 10240,0133545002283
บริษัท ไอ.พี. วัน จำกัด (สำนักงานใหญ่),65 ถนนรามคำแหง แขวงสะพานสูง เขตสะพานสูง กรุงเทพมหานคร 10240,0105526007081
บริษัท พีดับบลิว เอช(ไทยแลนด์)จำกัด(สำนักงานใหญ่),65/147 อาคารชำนาญเพ็ญชาติบิสเนส เซนเตอร์ ชั้น 18 ถนนพระราม 9 แขวง/เขตห้วยขวาง กรุงเทพมหานคร 10310,0105528028212
บริษัท เมอโกโตะ จำกัด,670 ซอยจรัญสนิทวงศ์ 75 ถนนจรัญสนิทวงศ์  แขวงบางพลัด เขตบางพลัด กรุงเทพมหานคร 10700,0105566149790
บริษัท วันโอวัน คอร์ปอเรชั่น จำกัด,69/10 ถนนราชปรารภ แขวงมักกะสัน เขตราชเทวี กรุงเทพมหานคร 10400,0105554057470
บริษัท ที เอ็ม เอ ชาร์มมิ่ง อินเตอร์เนชัลแนล จำกัด,69/50-60 ถนนมิตรภาพ ตำบลในเมือง อำเภอเมือง จังหวัดขอนแก่น 40000,0445563000482
บริษัท เมดิเพ็ต จำกัด,69/9 หมูที่ 3 ตำบลบางเสาธง อำเภอ บางเสาธง จังหวัดสมุทรปราการ 10570,0105549131209
บริษัท สมาพันธ์เฮลธ์ จำกัด,7 ซอยโพธิ์แก้ว 4 แขวงคลองจั่น เขตบางกะปิ กรุงเทพมหานคร 10240,0105556189730
บริษัท ยนต์ตระการ ลิสซิ่ง จำกัด,71 หมู่ 8 ตำบลเชียงรากน้อย อำเภอบางปะอิน จังหวัดพระนครศรีอยุธยา 13180,0145563001830
บริษัทไทยวอเตอร์ เอ็นจิเนียริ่ง จำกัด (สำนักงานใหญ่),718/8 ถนนลาซาล แขวงบางนาใต้ เขตบางนา กรุงเทพมหานคร 10260,0105546112921
บริษัท เอสจี แคปปิตอล จำกัด (มหาชน) สำนักงานใหญ่,72 อาคาร โทรคมนาคม บางรัก ชั้น 20 ถนนเจริญกรุง แขวงบางรัก เขตบางรัก กรุงเทพมหานคร 10500,0107564000383
บริษัท เอส เค เอฟ (ประเทศไทย) จำกัด,72/70 ถนนพระราม 3 แขวงช่องนนทรี เขตยานนาวา กรุงเทพมหานคร 10120,0105530008061
บริษัท โรงพยาบาลศุภมิตร จำกัด (มหาชน),76  ถนนเณรแก้ว ตำบลท่าพี่เลี้ยง  อำเภอเมืองสุพรรณบุรี จังหวัดสุพรรณบุรี 72000,0107535000311
บริษัท เดอะ โมสท์ มีเดีย แอนด์ โปรดักชัน จำกัด,76/1 ซอยลาดพร้าว 63 (สุขสันต์3) แขวงสะพานสอง เขตวังทองหลาง กรุงเทพมหานคร 10310,0105563137308
บริษัท จีเนียส ทราฟฟิค ซีสเต็ม จำกัด,77 หมู่ 11 พุทธมณฑลสาย 5 ตำบลไร่ขิง อำเภอสามพราน จังหวัดนครปฐม 73210,0735545000503
นายวัฒนา  มาเตียง,77/1 หมู่ 2  ตำบลยกกระบัตร อำเภอสามเงา จังหวัดตาก,1639900256142
บริษัท เต็มสิริ อินเตอร์เนชั่นแนล จำกัด (สำนักงานใหญ่),"8/48 หมู่ที่ 6 ตำบลคลองสาม
อำเภอคลองหลวง จังหวัดปทุมธานี 12120",0135558012080
ห้างหุ้นส่วนจำกัด ชลธร ซัพพลาย (สำนักงานใหญ่),80/1 หมู่ 1 ถนนเขางู-เบิกไพร ตำบลเบิกไพร อำเภอบ้านโปร่ง จังหวัดราชบุรี 70110,0703547000274
บริษัท เค.แอล.เอส. ซัพพลาย แอนด์ เซอร์วิส จำกัด,819 ถนนเพชรเกษม แขวงหนองค้างพลู เขตหนองแขม กรุงเทพทหานคร 10160,0105534030959
บริษัท บอน-ซอง เทรดดิ้ง เซ็นเตอร์ จำกัด,82/17 - 18 หมู่ 1 ตำบลย่านซื่อ อำเภอเมืองอ่างทอง จังหวัดอ่างทอง 14000,0155560000549
บริษัท อิวาเนะ แลบบอราทอรี่ส์ (ไทยแลนด์) จำกัด,83/28 หมู่ 3 ตำบลมหาสวัสดิ์ อำเภอบางกรวย จังหวัดนนทบุรี 11130 ,0105546050674
บริษัท ปิยธนา (โพรเซน),83/46 หมู่ 6 ตำบลเสาธงหิน อำเภอบางใหญ่ จังหวัดนนทบุรี 11140,0125563015164
บริษัท คอนติเนนเติล-ฟาร์ม จำกัด,85/ ซอยแจ้งวัฒนะ 12 แยก 4 แขวงทุ่งสองห้อง เขตหลักสี่ กรุงเทพมหานคร 10210,0105516000415
บริษัท ไดมอนด์ มาร์ค คอนมิลล์ จำกัด,87 ถนนหนองระแหง แขวงสามวาตะวันตก เขตคลองสามวา กรุงเทพมหานคร 10510,0105548017771
บริษัท ซับพุด เอ็นเนอร์ยี่ วัน จำกัด (สำนักงานใหญ่),88 ซอยบางนา-ตราด 30 ถนนเทพรัตน แขวงบางนาใต้ เขตบางนา กรุงเทพมหานคร 10260,0105555179692
บริษัท คอม โปรเฟสชันนอล จำกัด,88/12 หมู่ 5 ตำบลบางกร่าง  อำเภอเมืองนนทบุรี จังหวัดนนทบุรี 11000,0125557028039
บริษัท เอทีเอ โปรดักส์ จำกัด,88/77 หมู่ 3 ถนนเลียบคลองสาม ตำบลคลองสาม อำเภอคลองหลวง  จังหวัดปทุมธานี 12120,0105554101592
บริษัท เอจี (ประเทศไทย) จำกัด,88/8 หมู่ 12 ตำบลบ้านทัพหลวง อำเภอบ้านไร่ จังหวัดอุทัยธานี 61140,0105557117503
บริษัท บิ๊กซี ซูเปอร์เซ็นเตอร์ จำกัด (มหาชน) สำนักงานใหญ่,88/9 ซอยสมานฉันท์ - บาร์โบส แขวงพระโขนง เขตคลองเตย กรุงเทพมหานคร 10110,0107536000633
วิทยาลัยนอร์ทเทิร์น,888 หมู่ 2 ถนนพหลโยธิน ตำบลหนองบัวใต้ อำเภอเมือง จังหวัดตาก 63000,0994000488211
นายอภิสิทธิ์ ปีนัง บริษัท เบสท์ โซเมด จำกัด,888/20 หมู่ที่ 1 ตำบลแสนสุข อำเภอวารินชำราบ จังหวัดอุบลราชธานี  34190,0345565000669
บริษัท บุญคู่บ้าน จำกัด,889/8 ถนนศาลาธรรมสพน์ แขวงศาลาธรรมสพน์ เขตทวีวัฒนา กรุงเทพ 10170,0105557071171
บริษัท ทีทีพี อิเลคทริค แอนด์ เทคโนโลยี จำกัด,89/96 หมู่บ้านเศรษฐศิริ ตำบลบางพลับ อำเภอปากเกล็ด จังหวัดนนทบุรี 11120,0105556061571
บริษัท ซีซีเอส คอมเซอร์วิส (ประเทศไทย) จำกัด  สำนักงานใหญ่,896/19-20 อาคารเอสวี ซิตี้ ทาวเวอร์ 1 ชั้น 12 ถนนพระราม 3 แขวงบางโพงพาง เขตยานนาวา กรุงเทพมหานคร 10120,0105554127575
บริษัท เอ็ดเวล บิวตี้ (ประเทศไทย) จำกัด,9 อาคารรวมสิน ชั้น 7-8 ถนนวิภาวดีรังสิต แขวงจอมพล เขต จตุจักร กรุงเทพมหานคร 10900,0105550060352
บริษัท ทานากิ (ไทยแลนด์) จำกัด,"9,11,13,15 ซอย สะแกงาม 30 แยก 1 แขวงแสมดำ เขตบางขุนเทียน กรุงเทพมหานคร 10150",0105550055367
บริษัททานากิ (ไทยแลนด์) จำกัด,"9,11,13,15 ซอย สะแกงาม 30 แยก 1 แขวงแสมดำ เขตบางขุนเทียน กรุงเทพมหานคร 10150",0105550055367
บริษัท มนต์ทรานสปอร์ต จำกัด,9/111 อาคารยูเอ็มทาวเวอร์ ชั้น 11 ถนนรามคำแหง แขวงสวนหลวง เขตสวนหลวง กรุงเทพมหานคร 10250,0105539030507
บริษัท ทีเอสเอ็ม  คอร์ปอเรท จำกัด,9/88 ซอยนาคนิวาส 48 แยก 24 ถนนนาคนิวาส แขวงลาดพร้าว เขตลาดพร้าว กรุงเทพมหานคร,0105562068396
บริษัท ลัคกี้สตาร์ ไฮดรอลิค แอนดฺ เอ็นขิเนียริ่ง จำกัด,9/99 หมู่ 4 ถนนเทพารักษ์ อำเภอบางพลีใหญ่ อำเภอบางพลี จังหวัดสมุทรปราการ 10540,0135542003311
บริษัท กาแฟพันธ์ุไทย จำกัด (สำนักงานใหญ่),90 ซีดับเบิ้ลยู ทาวเวอร์ เอ ชั้น 33 ถนนรัชดาภิเษก แขวงห้วยขวาง  เขตห้วยขวาง กรุเทพมหานคร 10310,0105555139534
บริษัท พีทีจี เอ็นเนอยี จำกัด (มหาชน) สำนักงานใหญ่,90 ซีดับเบิ้ลยู ทาวเวอร์ เอ ชั้น 33 ถนนรัชดาภิเษก แขวงห้วยขวาง  เขตห้วยขวาง กรุเทพมหานคร 10310,0107538000703
บริษัท พีทีจี เอ็นเนอยี จำกัด (มหาชน),90 ซีดับเบิ้ลยู ทาวเวอร์ เอ ชั้น 33 ถนนรัชดาภิเษก แขวงห้วยขวาง  เขตห้วยขวาง กรุเทพมหานคร 10310,0107538000703
บริษัท มาวินเวท จำกัด,90 หมู่ 4 ตำบลบึงคำพร้อย อำเภอลำลูกกา จังหวัดปทุมธานี 12150,0135565001721
บริษัท มาวิน เวท จำกัด,90 หมู่ที่ 4 ตำบลบึงคำพร้อย อำเภอลำลูกกา จังหวัดปทุมธานี 12150,0135565001721
บริษัทเสริมสุข จำกัด(มหาชน) สำนักงานใหญ่,90 อาคารซีดับเบิ้ลยู ทาวเวอร์  ชั้นที่ 31-32 ถนนรัชดาถิเษก แขวงห้วยขวาง เขตห้วยขวาง  กรุงเทพมหานคร 10310,0107537001650
บริษัท ปิโตรเลียมไทยคอร์ปอเรชั่น จำกัด (สำนักงานใหญ่),90 อาคารซีดับเบิ้ลยู ทาวเวอร์ เอ ชั้น 33 ถนนรัชดาภิเษก แขวงห้วยขวาง เขตห้วยขวาง กรุงเทพมหานคร 10310,0105535099511
บริษัท ชีวิตและสิ่งแวดล้อม จำกัด(สำนักงานใหญ่),"90,92,94 ซอยอ่อนนุช 64 ถนนศรีนครินทร์ แขวงอ่อนนุช เขตสวนหลวง กรุเทพมหานคร 10250",0105536111766
บริษัท กัปตัน โค๊ทติ้ง จำกัด (สำนักงานใหญ่),906 หมู่ที่ 15 ตำบลบางเสาธง อำเภอบางเสาธง จังหวัดสมุทรปราการ 10570,0115553004089
บริษัท หนองบัวลำภู เอ็นเตอร์ไพรส์ จำกัด (สำนักงานใหญ่),91 หมู่ 6 ตำบลบางน้ำจืด  อำเภอเมืองสมุทรสาคร จังหวัดสมุทรสาคร 74000,0395547000075
บริษัท เอซีซี เมดิคอล โซลูชั่น จำกัด (สำนักงานใหญ่),"91/223,91/236 ถนนสุวินทวงศ์ แขวงมีนบุรี เขตมีนบุรี กรุงเทพมหานคร 10510",0105552129368
บริษัท คาสโต้เทรด จำกัด (สำนักงานใหญ่),91/367 หมู่บ้านกานต์มณี - ไทรน้อย ตำบลบางบัวทอง อำเภอบางบัวทอง จังหวัดนนทบุรี 11110,0125551001066
บริษัท ร่วมเจริญพัฒนา จำกัด (มหาชน) สำนักงานใหญ่,"99,25/18-20 หมู่ที่ 4 ตำบลบางตลาด อำเภอปากเกร็ด จังหวัดนนทบุรี 11120
",0107567000201
บริษัท ดีว่า พลัส จำกัด (สำนักงานใหญ่),99/106 หมู่ที่2 ถนนแจ้งวัฒนะ ตำบลคลองเกลือ อำเภอปากเกล็ด จังหวัดปทุมธานี 11120,0105554063992
บริษัท เพิ่มผลผลิต  จำกัด สาขาที่00005,99/2 หมู่ 10 ตำบลโคกสะอาด อำเภอภูเขียว จังหวัดชัยภูมิ 36110,0105536009116
บริษัท วังม่วง ไฟร์ เซฟตี้ จำกัด,99/2 หมู่ 5 ตำบลแสลงพัน อำเภอวังม่วง จังหวัดสระบุรี 18220,0195555001044
ห้างหุ้นส่วนจำกัด เอ เอส พี ทีม,99/31 หมู่ 6 ตำบลยายชา อำเภอสามพราน จังหวัดนครปฐม 73110,0733561000286
ห้างหุ้นส่วนจำกัด เอเอสพี ทีม (สำนักงานใหญ่),99/31 หมู่ 6 ตำบลยายชา อำเภอสามพราน จังหวัดนครปฐม 73110,0733561000286
ห้างหุ้นส่วนจำกัด เอเอสพี ทีม,99/31 หมู่ 6 ตำบลยายชา อำเภอสามพราน จังหวัดนครปฐม 73110,0733561000286
บริษัท ยูนิค 88 จำกัด(สำนักงานใหญ่),99/41 ถนนนวมินทร์ แขวงคลองจั่น เขตบางกระปิ กรุงเทพมหานคร 10240,0105558196113
บริษัท เอชเอช-เวิร์คซูก(ประเทศไทย) จำกัด,99/8 หมู่ที่ 13 ตำบลบางแก้ว อำเภอบางพลี จังหวัดสมุทรปราการ 10540,0105561155309
บริษัท คูโบต้าเพชรบูรณ์ จำกัด(สำนักงานใหญ่),99/9 หมู่ 13 ตำบลบ้านโตก อำเภอเมือง จังหวัดเพชรบูรณ์ 67000,0675548000025
บริษัท จ่าวิรัช ฟู้ด จำกัด,99/9 หมู่ 7 ต. ม่วงหัก อ. พยุหะคีรี จ. นครสวรรค์ 60130,0605559000536
บริษัท เอ็น แอล ที วาย อินเตอร์เนชั่นแนล จำกัด (สำนักงานใหญ่),99/95 ซอย กรุงเทพกรีฑา 15 (ประชาร่วมใจ)แขวงหัวหมาก เขตบางกระปิ กรุงเทพมหานคร 10240,0105563140384
บริษัท จัดหางาน อเด็คโก้ พระราม 4 จำกัด,990 อาคารอับดุลราฮิม ชั้น 9 ห้อง 904 ถนนพระราม 4 แขวงสีลม เขตบางรัก กรุงเทพมหานคร 10500 ,0105532084075
หจก. พีพี ไวนิล โฆษณา (สำนักงานใหญ่),999/209 ม.11 ต.หัวรอ อ.เมือง จ.พิษณุโลก 65000,0653561001216
บริษัท เบคตันดิคคินสัน (ประเทศไทย) จำกัด สำนักงานใหญ่,999/9 ชั้น 24 ดิ ออฟฟิศเศส แอทเซนทรัลเวิลด์ ถ.พระราม 1 แขวงปทุมวัน เขตปทุมวัน กรุงเทพมหานคร 10330 ,0105530039927
"Athene Consulting Co.,Ltd.","Head: Unit 1809, 18th Floor, One Pacific Building 140 Sukhumvit Road ,Klongtoey, Bangkok 10110 Thailamd",0105554147568
นายสมใจ ศรีเหมือย,จังหวัดฉะเชิงเทรา,3250401136852
บริษัท ซินเจนทา ซีดส์ (ประเทศไทย) จำกัด,ชั้น 25 อาคาร เอ ซีดับเบิ้ลยู ทาวเวอร์ 90 ถนนรัชดาภิเษก แขวงห้วยขวาง เขตห้วยขวาง กรุงเทพมหานคร 10310,0105515007220
บริษัทซินเจนทา ครอป โปรเทคชั่น จำกัด,ชั้น 25 อาคาร เอ ซีดับเบิ้ลยู ทาวเวอร์ 90 ถนนรัชดาภิเษก แขวงห้วยขวาง เขตห้วยขวาง กรุงเทพมหานคร 10310,0105524002031
บริษัท ซินเจนทา ซีดส์ (ประเทศไทย) จำกัด,ชั้น 25 อาคาร เอ ซีดับเบิ้ลยู ทาวเวอร์ 90 ถนนรัชดาภิเษก แขวงห้วยขวาง เขตห้วยขวาง กรุงเทพมหานคร 10310,0105515007220
บริษัทซินเจนทา ครอป โปรเทคชั่น จำกัด,ชั้น 25 อาคาร เอ ซีดับเบิ้ลยู ทาวเวอร์ 90 ถนนรัชดาภิเษก แขวงห้วยขวาง เขตห้วยขวาง กรุงเทพมหานคร 10310,0105515007220
บริษัท ซินเจนทา ซีดส์ (ประเทศไทย) จำกัด,ชั้น 25 อาคาร เอ ซีดับเบิ้ลยู ทาวเวอร์ 90 ถนนรัชดาภิเษก แขวงห้วยขวาง เขตห้วยขวาง กรุงเทพมหานคร 10310,0105524002031
นางศรัณยา  กำจัดภัย ศูนย์วิจัยและพัฒนากระบือ,ตำบลนาบัว อำเภอเมือง จังหวัดสุรินทร์ 32000,0994000325045
บริษัท แฟลช โฮม โอเปอร์เรชั่น จำกัด (สำนักงานใหญ่),ที่อยู่ อาคาร จีทาวเวอร์แกรนด์ พระราม 9 ชั้นที่ 32 เลขที่ 9 ถนนพระราม 9 แขวงห้วยขวาง เขตห้วยขวาง กรุงเทพมหานคร 10310,0115566013154
บริษัท ไอ พาวเวอร์ เอ็นเตอร์ไพรส์ จำกัด (สำนักงานใหญ่),ที่อยู่140/188 ถนนกรุงเทพฯ - นนทบุรี ตำบลบางเขน อำเภอเมืองนนทบุรี จังหวัดนนทบุรี 11000,0105543038126
อาจารย์หนิง,มรภ.เพชรบูรณ์,0105526008419
บริษัท ยูนิลิเวอร์ ไทย เทรดดิ้ง จำกัด (สำนักงานใหญ่),ยูนิลิเวอร์ เฮาส์ 161 ถนนพระราม 9 แขวงห้วยขวาง เขตห้วยขวาง กรุงเทพมหานคร 10310,0105548146181
บริษัท ยูนิลิเวอร์ ไทย เทรดดิ้ง จำกัด (สำนัหงานใหญ่ ),ยูนิลิเวอร์ เฮาส์ 161 ถนนพระราม 9 แขวงห้วยขวาง เขตห้วยขวาง กรุงเทพมหานคร 10310,0105548146181
นางสาววีรันดา พรมแดง,วิทยาลัยสารพัดช่างเชียงใหม่ 49 หมู่ 5 ตำบลช้างเผือก อำเภอเมืองเชียงใหม่  จังหวัดเชียงใหม่ 50130,0994000423071
นายธนุรักษ์ ชัยชิต,วิทยาลัยสารพัดช่างเชียงใหม่ 49 หมู่ 5 ตำบลช้างเผือก อำเภอเมืองเชียงใหม่  จังหวัดเชียงใหม่ 50130,0994000423071
นางจันทนา สมนึก,วิทยาลัยเทคนิคสันกำแพง  76 หมู่ 1 ตำบลบ้านสหกรณ์ อำเภอแม่ออน จังหวัดเชียงใหม่ 50130,0994000425651
นางสาวศิริขวัญ ตาเปี้ย,วิทยาลัยเทคนิคสันกำแพง  76 หมู่ 1 ตำบลบ้านสหกรณ์ อำเภอแม่ออน จังหวัดเชียงใหม่ 50130,0994000425651
บริษัท เอซีซี เมดิคอล โซลูชั่น จำกัด,"สำนักงานใหญ่  91/223,91/236 ถนนสุวินทวงศ์ แขวงมีนบุรี เขตมีนบุรี กรุงเทพมหานคร 10510",0105552129368
บริษัท พี.วี.ไมนิ่ง แอนด์ เอ็กซ์พลอเรชั่น จำกัด,สำนักงานใหญ่ 48/3 หมู่ 17 ถนนกาญจนาภิเษก แขวงศาลาธรรมสพน์ เขตทวีวัฒนา กรุงเทพมหานคร 10170,0105538067920
บริษัท พี.วี.ไมนิ่ง แอนด์ เอ็กซ์พลอเรชั่น จำกัด,สำนักงานใหญ่ 48/3 หมู่ 17 ถนนกาญจนาภิเษก แขวงศาลาธรรมสพน์ เขตทวีวัฒนา กรุงเทพมหานคร 10170,0105538067920
บริษัท มาเยคาว่า  (ประเทศไทย) จำกัด,สำนักงานใหญ่ : 2/3 หมู่ 14 อาคารบางนาทาวเวอร์ อาคารเอ ชั้น 4 ถนนบางนา-ตราด ตำบลบางแก้ว อำเภอบางพลี จังหวัดสมุทรปราการ 10540,0105531076702
บริษัท วีเหลี่ยม หว่อง กรุ๊ป จำกัด,สำนักงานใหญ่ : 35/1 หมู่ 3 ตำบลไทรใหญ่ อำเภอไทรน้อย จังหวัดนนทบุรี 11150,0105535063312
บริษัท พี.เอส.กรุ๊ป ฟิชชิ่ง สปอร์ต จำกัด,สำนักงานใหญ่ : 41 เพชรเกษม 68 แยก 34 แขวงบางแคเหนือ เขตบางแค กรุงเทพมหานคร 10160,0105552038923
บริษัท ดาต้า พาวเวอร์ จำกัด,"สำนักงานใหญ่ : 95,95/4,5,6 หมู่ที่ 1 ตำบลบางเตย อำเภอสามพราน จังหวัดนครปฐม 73210",0105535034623
ห้างหุ้นส่วนจำกัด พาพิภัฏฏ เทรดดิ้ง,สำนักงานใหญ่ บ้านฝาง  เลขที่ 44/1 หมู่ 12 ถนนร้อยเอ็ด - กาฬสินธุ์ ตำบลหนองแวง อำเภอเมืองร้อยเอ็ด จังหวัดร้อยเอ็ด 45000,0453555000574
บริษัท ลัคกี้ ยูเนี่ยน ฟู๊ดส์ จำกัด,สำนักงานใหญ่: 1/74-75 หมู่ที่ 2 ถนนพระราม 2 ตำบลท่าทราย อำเภอเมือง จังหวัดสมุทรสาคร 74000,0105533075568
บริษัท โปรทรีสเม็นท์ เคมีคอล จํากัด,สํานักงานใหญ่ 25/123 ซอยหทัยราษฎร์ 34/1 แขวงสามวาตะวันออก เขตคลองสามวา กรุงเทพมหานคร 10510,0105550089521
บริษัท เบสท์ มาสเตอร์ เอ็นจิเนียริ่ง จำกัด,หมู่บ้าน เศรณีลากูน 105/228 หมู่ที่ 8 ตำบลบางรักพัฒนา อำเภอบางบัวทอง จังหวัดนนทบุรี 11110,0125565021111
บริษัท เอ็กซ์ปอร์ต เทคโนโลยี ดีเวลลอปเม้นท์ จำกัด,หมู่บ้านพรวิภาปาร์ค เลชที่ 30/22 ซอยทวีวัฒนา - กาญจนาภิเษก 24 แขวงทวีวัฒนา เขตทวีวัฒนา กรุงเทพมหานคร 10170,0105558136692
บริษัท เกียน โฮ จำกัด (สำนีกงานใหญ่),หมู่บ้านศุภลัยวิลล์ คลอง 5 เลขที่ 95/334 หมู่ 17 ตำบลบึงคำพร้อย อำเภอลำลูกกา จังหวัดปทุมธานี 12150,0105563134112
บริษัท บูห์เลอร์(ไทยแลนด์) จำกัด (สำนักงานใหญ๋),ห้องเลขที่ 1607 อาคาร 66 ทาวเวอร์ ขั้น 16 เลขที่ 2556 ถนนสุขุมวิท แขวงบางนาเหนือ เขตบางนา กรุงเทพมหานคร 10260,0105554000133
บริษัท แอทธินี คอนซัลติง จำกัด(สำนักงานใหญ่),อาคาร วัน แปซิฟิค เพลส ชั้น 18 ห้อง 1809  140 ถนน สุขุมวิท  แขวงคลองเตย เขตคลองเตย กรุงเทพมหาคร 10110,0105554147568
บริษัท เอ็นเอสเอฟ เอเซีย-แปซิฟิค จำกัด(สำนักงานใหญ่),อาคารอัลม่า ลิงค์ ชั้นที่ 2 เลขที่ 25 ซอยชิดลม ถนนเพลินจิต แขวงลุมพินี เขตปทุมวัน กรุงเทพมหานคร 10330,0105551090972
บริษัท คาโอ อินดัสเตรียล (ประเทศไทย) จำกัด สาขาที่ 00001,อาคารโอเนส ทาวเวอร์ ชั้น 14  เลขที่ 6 ซอยสุขุมวิท 6 แขวงคลองเตย เขตคลองเตย  กรุงเทพมหานคร 10110,0105507002214
สถาบันเทคโนโลยีพระจอมเกล้าเจ้าคุณทหารลาดกระบัง,เลขที่ 1 ซอบฉลองกรุง 1 แขวง/เขต ลาดกระบัง กรุงเทพมหานคร  10520,0994000160623
บริษัท ซูมไลออน เฮฟวี่ อินดัสทรี (ประเทศไทย) จำกัด(สำนักงานใหญ่),"เลขที่ 1 เอ็มดี ทาวเวอร์ ห้องซี 2,ซี3 ชั้น 6  ซอยบางนา ตราด 25 ถนนเทพรัตน แขวงบางนาเหนือ เขตบางนา กรุงเทพมหานคร 10260",0105558193122
บริษัท เคซีเอ็ม ลอร์ แอนด์ แลนด์ จำกัด (สำนักงานใหญ่),เลขที่ 100/216 หมู่บ้านโกลเด้นทาวน์ 2 อ่อนนุช - ลาดกระบัง ถนนประชากร แขวงลาดกระบัง กรุงเทพมหานคร 10520,0105559172153
บจก. ไทย ฟู้ดส์ เฟรซมาร์เก็ต ,เลขที่ 1010 อาคารชินวัตรทาวเวอร์ 3 ชั้นที่ 12 ถนนวิภาวดี แขวงจตุจักร เขตจตุจักร กรุงเทพมหานคร 10900,0105563089753
บจก.ไทย ฟู้ดส์ เฟรซ มาร์เก็ต ,เลขที่ 1010 อาคารชินวัตรทาวเวอร์ 3 ชั้นที่ 12 ถนนวิภาวดี แขวงจตุจักร เขตจตุจักร กรุงเทพมหานคร 10900,0105563089753
บริษัท ไทย ฟู้ดส์ เฟรซ มาร์เก็ต จำกัด (สำนักงานใหญ่),เลขที่ 1010 อาคารชินวัตรทาวเวอร์ 3 ชั้นที่ 12 ถนนวิภาวดี แขวงจตุจักร เขตจตุจักร กรุงเทพมหานคร 10900,0105563089753
บริษัท ซิมเปิ้ลมาร์ท จำกัด (สำนักงานใหญ่),เลขที่ 11 ซอยร่มเกล้า 25 แขวงคลองสามประเวศ เขตลาดกระบัง กรุงเทมหานคร 10520,0105562105089
บริษัท เลเจ้นด์ คอนสตรัคชั่น กรุ๊ป (ไทยแลนด์) จำกัด สำนักงานใหญ่,"เลขที่ 1120,1122,1124,1126,1128 ซอย พระรามที่ 2 ซอย 75 แขวงแสมดำ เขตบางขุนเทียน กรุงเทพมหานคร 10150",0105556061431
บริษัท ซาบีน่า ฟาร์อีสท์ จำกัด(สำนักงานใหญ่),เลขที่ 12 ถนนอรุณอมรินทร์ แขวงอรุณอมรินทร์ เขตบางกอกน้อย กรุงเทพมหานคร 10700,0105520000262
บริษัท มีชัย มีโชค จำกัด(สำนักงานใหญ่),เลขที่ 14 ิอาคารแสงโสม ภนนวิภาวดีรังสิต แขวงจอมพล เขตจตุจักร กรุงเทพมหานคร 10900,0105564119559
บริษัท 35 ลายน์ อินโนเวชั่น จำกัด (สำนักงานใหญ่),เลขที่ 18 ซอยช่างอากาศอุทิศ 5 แยก 6 แขวงดอนเมือง เขตดอนเมือง กรุงเทพมหานคร 10210,0105546069154
บริษัท แอดวานซ์ บิสซิเนส โซลูชั่น แอนด์ เซอร์วิสเซส จำกัด (สำนักงานใหญ่),เลขที่ 18 ซอยสุคนธสวัสดิ์ 38 แขวงลาดพร้าว เขตลาดพร้าว กรุงเทพมหานคร 10230,0105542002951
บริษัทไทยพาณิชย์ พลัส จำกัด  (สำนักงานใหญ่),"เลขที่ 19  อาคารไทยพาณิชย์ ปาร์ค พลาซ่า อืสท์ ซี ชั้น 8 , 9 ถนนรัชดาภิเษก แขวงจตุจักร เขตจตุจักร กรุงเทพมหานคร 109000",0105552092472
บริษัท สกิลพาวเวอร์ เซอร์วิส (ประเทศไทย ) จำกัด,"เลขที่ 31,31/1,33 อาคารภิรัชทาวเวอร์ แอท สาทธ อาคาร บี ชั้นที่ 2 ถนนสาธรใต้ แขวงยานนาวา เขตสาธร กรุงเทพมหานคร 10120",0105541012863
บริษัท ทีเอสเอ็น เซอร์วิส (ประเทศไทย) จำกัด,เลขที่ 35 หมู่ 3 ตำบลแคราย อำเภอกระทุ่มแบน จังหวัดสมุทรสาคร 74110,0745557004444
บริษัท แสงวิรุฬห์ทอง จำกัด,เลขที่ 35/2 หมู่ 3 ตำบลแคราย อำเภอกระทุ่มแบน จังหวัดสมุทรสาคร 74110,0745556001298
ห้างหุ้นส่วนจำกัด เอ็น เจ เค ซัพพลายแอนด์เซอร์วิส,เลขที่ 39/90 ซอย ม.เพชรเกษม 4 ถนนทวีวัฒนา แขวงหนองค้างพลู เขตหนองแขม กรุงเทพมหานคร 10160,0103567007806
บริษัท สยามชัย เซอร์วิส จำกัด,เลขที่ 41 หมู่ 5 ถนนรังสิต-นครนายก 46 ตำบลประชาธิปัตย์ อำเภอธัญบุรี  จังหวัดปทุมธานี 12130,0135540003801
บริษัท วิลเลียม อินดัสทรี จำกัด,เลขที่ 51/9 ถนนท่าใหม่ ตำบลตลาดกระทุ่มแบน อำเภอกระทุ่มแบน จังหวัดสมุทรสาคร 74110,0745555005486
บริษัท บัตรกรุงไทย จำกัด (มหาชน) (สำนักงานใหญ่),เลขที่ 591อาคารสมัชชาวาณิช 2 ชั้น 14 ถนนสุขุมวิท แขวงคลองตันเหนือ เขตวัฒนา กรุงเทพมหานคร 10110,0107545000110
บริษัท เอ็นเอสเอฟ เอเซีย-แปซิฟิค จำกัด (สำนักงานใหญ่),เลขที่ 598 อาคารคิวเฮาส์เพลินจิต ชั้น 8 ถนนเพลินจิต แขวงลุมพินี เขตปทุมวัน จังหวัดกรุงเทพมหานคร 10330,0105551090972
บริษัท กู๊ดเทค จำกัด ,เลขที่ 69/321 หมู่ 3 ตำบลบึงยี่โถ อำเภอธัญบุรี จังหวัดปทุมธานี 12130,0135558003986
บริษัท ริโก้ เซอร์วิสเซส (ประเทศไทย) จำกัด สาขาที่ 00022,เลขที่ 85/4 หมู่ที่ 2 ตำบลบึงพระ อำเภอเมืองพิษณุโลก จังหวัดพิษณุโลก 65000,0105531026179
บริษัท กู๊ดวิลล์ดิสทริบิวเตอร์ จำกัด (สำนักงานใหญ่),เลขที่ 888/8 ถนนประดิษฐ์มนูธรรม แขวงนวมินทร์ เขตบึงกุ่ม กรุงเทพมหานคร 10240,0105544080550
บริษัท เอสไอเอส ดิสทริบิวชั่น (ประเทศไทย) จำกัด (มหาชน) สำนักงานใหญ่,เลขที่ 9  อาคารภคินท์ ชั้นที่ 9  ห้องเลขที่ 901 แขวงดินแดง เขตดินแดง กรุงเทพมหานคร 10400,0107547000052
บริษัท เอ็ดเวล บิ้วตี้ (ประเทศไทย) จำกัด,เลขที่ 9 อาคารวรสิน ชั้น 7- 8 ถนนวิภาวดี - รังสิต แขวงจอมพล เขตจตุรจักร กรุงเทพมหานคร 10900,0105550060352
นางสาวสุกัญญา  แดงเรือง,โรงเรียนเฉลิมชวัญสตรี 28 ถนนพุทธบูชา ตำบลในเมือง อเมือง จ.พิษณุโลก  65000,0994000139896
นายคำรณ  บุญธรรม,โรงเรียนเฉลิมชวัญสตรี 28 ถนนพุทธบูชา ตำบลในเมือง อเมือง จ.พิษณุโลก  65000,0994000139896
นายสุรสิทธิ์  ลาภอินทรีย์,โรงเรียนเฉลิมชวัญสตรี 28 ถนนพุทธบูชา ตำบลในเมือง อเมือง จ.พิษณุโลก  65000,0994000139896
นายเฉลียว  คำดี,โรงเรียนเฉลิมชวัญสตรี 28 ถนนพุทธบูชา ตำบลในเมือง อเมือง จ.พิษณุโลก  65000,0994000139896
